keyword,language,topic,topicColor,keywordColor,limitPages,ratioNew
'Earthquake La Rivera Mexico',en,Earthquake,#18e8e8,#18e8e8,2,0.6034833483333333
'Flash Flood Pakistan',en,Flash Flood,#18e8e8,#18e8e8,2,0.6
'Flood Viet Nam',en,Flood,#18e8e8,#18e8e8,2,0.6
'Drought Uganda',en,Drought,#18e8e8,#18e8e8,2,0.6
'Flood Myanmar',en,Flood,#18e8e8,#18e8e8,2,0.6
'Volcano Vanuatu',en,Volcano,#18e8e8,#18e8e8,2,0.6
'Land Slide Viet Nam',en,Land Slide,#18e8e8,#18e8e8,2,0.6
'Drought Somalia',en,Drought,#18e8e8,#18e8e8,2,0.6
'Land Slide Indonesia',en,Land Slide,#18e8e8,#18e8e8,2,0.6
'Flood Venezuela (Bolivarian Republic of)',en,Flood,#18e8e8,#18e8e8,2,0.6
'Drought Pakistan',en,Drought,#18e8e8,#18e8e8,2,0.6
'Tropical Cyclone Sri Lanka',en,Tropical Cyclone,#18e8e8,#18e8e8,2,0.6
'Flood Ukraine',en,Flood,#18e8e8,#18e8e8,2,0.6
'Flash Flood Nigeria',en,Flash Flood,#18e8e8,#18e8e8,2,0.6
'Tropical Cyclone Cuba',en,Tropical Cyclone,#18e8e8,#18e8e8,2,0.6
'Snow Avalanche Afghanistan',en,Snow Avalanche,#18e8e8,#18e8e8,2,0.6
'Flash Flood Bangladesh',en,Flash Flood,#18e8e8,#18e8e8,2,0.6
'Flood Somalia',en,Flood,#18e8e8,#18e8e8,2,0.6
'Earthquake Türkiye',en,Earthquake,#18e8e8,#18e8e8,2,0.6
'Flood Central African Republic',en,Flood,#18e8e8,#18e8e8,2,0.6
'Land Slide Philippines',en,Land Slide,#18e8e8,#18e8e8,2,0.6
'Flood South Sudan',en,Flood,#18e8e8,#18e8e8,2,0.6
'Drought Kenya',en,Drought,#18e8e8,#18e8e8,2,0.6
'Flood Türkiye',en,Flood,#18e8e8,#18e8e8,2,0.6
'Drought Guatemala',en,Drought,#18e8e8,#18e8e8,2,0.6
'Flood United States of America',en,Flood,#18e8e8,#18e8e8,2,0.6
'Earthquake Afghanistan',en,Earthquake,#18e8e8,#18e8e8,2,0.5604051454545455
'Earthquake Panama',en,Earthquake,#18e8e8,#18e8e8,2,0.54810006
'Tsunami Panama',en,Tsunami,#18e8e8,#18e8e8,2,0.5416666666666666
"'Tsunami 45 km NE of Puerto Obaldía, Panama'",en,Tsunami,#18e8e8,#18e8e8,1,0.5416666666666666
'Flash Flood Philippines',en,Flash Flood,#18e8e8,#18e8e8,2,0.5355003
'Earthquake La Rivera Mexico',en,Tsunami,#18e8e8,#18e8e8,2,0.5333333333333333
'Tsunami Mexico',en,Tsunami,#18e8e8,#18e8e8,2,0.5333333333333333
"'M 6.4 - 105 km ESE of La Rivera, Mexico'",en,Earthquake,#18e8e8,#18e8e8,2,0.5333333333333333
'Earthquake Mexico',en,Tsunami,#18e8e8,#18e8e8,2,0.5333333333333333
'Flood Indonesia',en,Flood,#18e8e8,#18e8e8,2,0.529950615
'Flood Sudan',en,Flood,#18e8e8,#18e8e8,2,0.5240415540909091
'Tropical Cyclone Philippines',en,Tropical Cyclone,#18e8e8,#18e8e8,2,0.5234886565384615
'Flood Pakistan',en,Flood,#18e8e8,#18e8e8,3,0.5194972095454545
'Flood Nigeria',en,Flood,#18e8e8,#18e8e8,2,0.5194963695454545
"'M 6.2 - 243 km SSW of ‘Ohonua, Tonga'",en,Earthquake,#18e8e8,#18e8e8,2,0.5166666666666667
"'Tsunami 243 km SSW of ‘Ohonua, Tonga'",en,Tsunami,#18e8e8,#18e8e8,2,0.5166666666666667
'M 6.2 - Banda Sea',en,Earthquake,#18e8e8,#18e8e8,2,0.5166666666666667
'M 6.2 - ',en,Earthquake,#18e8e8,#18e8e8,2,0.5166666666666667
'Earthquake Hukay Philippines',en,Earthquake,#18e8e8,#18e8e8,2,0.5166666666666667
'Earthquake ‘Ohonua Tonga',en,Tsunami,#18e8e8,#18e8e8,2,0.5166666666666667
'Flood Philippines',en,Flood,#18e8e8,#18e8e8,2,0.514950825
'Storm Cambodia',en,Storm,#18e8e8,#18e8e8,2,0.511650165
'Flash Flood Syrian Arab Republic',en,Flash Flood,#18e8e8,#18e8e8,2,0.510150015
'Flood Afghanistan',en,Flood,#18e8e8,#18e8e8,1,0.51000048
'Tropical Cyclone Bangladesh',en,Tropical Cyclone,#18e8e8,#18e8e8,1,0.51000033
'Land Slide United States of America',en,Land Slide,#18e8e8,#18e8e8,1,0.510000255
'Flood Sri Lanka',en,Flood,#18e8e8,#18e8e8,1,0.510000195
'Earthquake Syrian Arab Republic',en,Earthquake,#18e8e8,#18e8e8,1,0.510000105
'Flood Syrian Arab Republic',en,Flood,#18e8e8,#18e8e8,1,0.510000045
'Flash Flood Somalia',en,Flash Flood,#18e8e8,#18e8e8,1,0.51000003
'Earthquake Houma Tonga',en,Tsunami,#18e8e8,#18e8e8,1,0.51
"'Tsunami 280 km SW of Houma, Tonga'",en,Tsunami,#18e8e8,#18e8e8,1,0.51
"'M 7.2 - 280 km SW of Houma, Tonga'",en,Earthquake,#18e8e8,#18e8e8,1,0.51
'Land Slide Bangladesh',en,Land Slide,#18e8e8,#18e8e8,1,0.51
'Earthquake Houma Tonga',en,Earthquake,#18e8e8,#18e8e8,1,0.51
'Drought Venezuela (Bolivarian Republic of)',en,Drought,#18e8e8,#18e8e8,1,0.51
'Flash Flood Viet Nam',en,Flash Flood,#18e8e8,#18e8e8,1,0.51
"'M 6.1 - 13 km SE of Narutō, Japan'",en,Earthquake,#18e8e8,#18e8e8,2,0.5083333333333333
"'M 6.1 - 290 km E of Vao, New Caledonia'",en,Earthquake,#18e8e8,#18e8e8,2,0.5083333333333333
'Flooding Kosovo',en,Flood,#18e8e8,#18e8e8,2,0.5
'Flooding Ivory Coast',en,Flood,#18e8e8,#18e8e8,2,0.5
'Flooding Ghana',en,Flood,#18e8e8,#18e8e8,2,0.5
'M 6.0 - south of Africa',en,Earthquake,#18e8e8,#18e8e8,2,0.5
'M 6.0 - Tonga region',en,Earthquake,#18e8e8,#18e8e8,2,0.5
'Tropical Storm Bret',en,Tropical Cyclone,#18e8e8,#18e8e8,2,0.5
'Tropical Storm Cindy',en,Tropical Cyclone,#18e8e8,#18e8e8,2,0.5
'Flooding Cuba',en,Flood,#18e8e8,#18e8e8,2,0.5
"'M 6.0 - 128 km W of Neiafu, Tonga'",en,Earthquake,#18e8e8,#18e8e8,2,0.5
'M 6.0 - West Chile Rise',en,Earthquake,#18e8e8,#18e8e8,2,0.5
"'M 5.9 - 121 km WSW of Myitkyina, Myanmar'",en,Earthquake,#18e8e8,#18e8e8,2,0.4916666666666667
'Earthquake Myanmar',en,Earthquake,#18e8e8,#18e8e8,2,0.4916666666666667
'Tropical Storm Arlene',en,Tropical Cyclone,#18e8e8,#18e8e8,2,0.489042619090909
'M 5.8 - ',en,Earthquake,#18e8e8,#18e8e8,2,0.4833333333333333
'M 5.8 - Fiji region',en,Earthquake,#18e8e8,#18e8e8,2,0.4833333333333333
'M 5.8 - west of Macquarie Island',en,Earthquake,#18e8e8,#18e8e8,2,0.4833333333333333
"'Tsunami Rat Islands, Aleutian Islands, Alaska'",en,Tsunami,#18e8e8,#18e8e8,2,0.475
"'M 5.7 - 255 km SSW of ‘Ohonua, Tonga'",en,Earthquake,#18e8e8,#18e8e8,2,0.475
"'M 5.7 - 139 km NNE of Hihifo, Tonga'",en,Earthquake,#18e8e8,#18e8e8,2,0.475
'Earthquake Fiji',en,Earthquake,#18e8e8,#18e8e8,2,0.475
'M 5.7 - Tonga region',en,Earthquake,#18e8e8,#18e8e8,2,0.475
"'M 5.7 - 214 km ENE of Levuka, Fiji'",en,Earthquake,#18e8e8,#18e8e8,2,0.475
'M 5.7 - southern Mid-Atlantic Ridge',en,Earthquake,#18e8e8,#18e8e8,2,0.475
'M 5.7 - southwest of Africa',en,Earthquake,#18e8e8,#18e8e8,2,0.475
'Tropical Cyclone Pakistan',en,Tropical Cyclone,#18e8e8,#18e8e8,3,0.4680928768435606
"'M 5.6 - 82 km WNW of Kirakira, Solomon Islands'",en,Earthquake,#18e8e8,#18e8e8,2,0.4666666666666666
'Earthquake Kirakira Solomon Islands',en,Earthquake,#18e8e8,#18e8e8,2,0.4666666666666666
"'M 5.6 - Hokkaido, Japan region'",en,Earthquake,#18e8e8,#18e8e8,2,0.4666666666666666
'Earthquake Hamatonbetsu Japan',en,Earthquake,#18e8e8,#18e8e8,2,0.4666666666666666
'Earthquake Wallis and Futuna',en,Earthquake,#18e8e8,#18e8e8,2,0.4666666666666666
'Earthquake Alo Wallis and Futuna',en,Earthquake,#18e8e8,#18e8e8,2,0.4666666666666666
"'M 6.5 - 45 km NE of Puerto Obaldía, Panama'",en,Earthquake,#18e8e8,#18e8e8,1,0.4604166666666666
'Earthquake Puerto Ayora Ecuador',en,Earthquake,#18e8e8,#18e8e8,2,0.4583333333333333
"'M 5.5 - 154 km N of Las Khorey, Somalia'",en,Earthquake,#18e8e8,#18e8e8,2,0.4583333333333333
'Earthquake Russia',en,Earthquake,#18e8e8,#18e8e8,2,0.4583333333333333
'Earthquake Philippines',en,Earthquake,#18e8e8,#18e8e8,2,0.4583333333333333
'M 5.5 - southeast of the Loyalty Islands',en,Earthquake,#18e8e8,#18e8e8,2,0.4583333333333333
'Earthquake the Kamchatka Peninsula Russia',en,Earthquake,#18e8e8,#18e8e8,2,0.4583333333333333
'M 5.5 - ',en,Earthquake,#18e8e8,#18e8e8,2,0.4583333333333333
"'M 5.5 - 266 km SSW of ‘Ohonua, Tonga'",en,Earthquake,#18e8e8,#18e8e8,2,0.4583333333333333
"'M 5.5 - 245 km N of Puerto Ayora, Ecuador'",en,Earthquake,#18e8e8,#18e8e8,2,0.4583333333333333
'Earthquake Tuapejat Indonesia',en,Earthquake,#18e8e8,#18e8e8,2,0.4583333333333333
"'M 5.5 - 9 km SSE of Maca, Peru'",en,Earthquake,#18e8e8,#18e8e8,2,0.4583333333333333
"'M 5.5 - Near the coast of Tarapaca, Chile'",en,Earthquake,#18e8e8,#18e8e8,2,0.4583333333333333
'M 5.5 - Kermadec Islands region',en,Earthquake,#18e8e8,#18e8e8,2,0.4583333333333333
"'M 5.5 - 65 km N of Namuac, Philippines'",en,Earthquake,#18e8e8,#18e8e8,2,0.4583333333333333
"'Tsunami 105 km ESE of La Rivera, Mexico'",en,Tsunami,#18e8e8,#18e8e8,1,0.4533333333333333
"'5 Dead, 29 Feared Missing After Floods and Landslides in Koshi Province'",en,Flood,#18e8e8,#18e8e8,2,0.45
'M 5.4 - Tonga region',en,Earthquake,#18e8e8,#18e8e8,2,0.45
"'M 5.4 - 123 km SSE of Lata, Solomon Islands'",en,Earthquake,#18e8e8,#18e8e8,2,0.45
'heavy rain Italy',en,Flash Flood,#18e8e8,#18e8e8,2,0.45
'heavy rain Finland',en,Flash Flood,#18e8e8,#18e8e8,2,0.45
'M 5.4 - Kermadec Islands region',en,Earthquake,#18e8e8,#18e8e8,2,0.45
'lightning Montenegro',en,Thunderstorm,#18e8e8,#18e8e8,2,0.45
'Deadly Floods and Landslides in Abidjan',en,Flood,#18e8e8,#18e8e8,2,0.45
'hail Italy',en,Thunderstorm,#18e8e8,#18e8e8,2,0.45
'severe wind Croatia',en,Storm,#18e8e8,#18e8e8,2,0.45
"'11 Dead, Thousands Displaced After Floods and Landslides in Rio Grande Do Sul'",en,Flood,#18e8e8,#18e8e8,2,0.45
'hail Lithuania',en,Thunderstorm,#18e8e8,#18e8e8,2,0.45
'hail Slovakia',en,Thunderstorm,#18e8e8,#18e8e8,2,0.45
'heavy rain Bulgaria',en,Flash Flood,#18e8e8,#18e8e8,2,0.45
'hail Romania',en,Thunderstorm,#18e8e8,#18e8e8,2,0.45
'Deadly Floods After 54mm of Rain in 1 Hour',en,Flood,#18e8e8,#18e8e8,2,0.45
'heavy rain Latvia',en,Flash Flood,#18e8e8,#18e8e8,2,0.45
'Deadly Floods Strike in Southern Regions',en,Flood,#18e8e8,#18e8e8,2,0.45
'tornado Romania',en,Storm,#18e8e8,#18e8e8,2,0.45
'M 5.4 - Bismarck Sea',en,Earthquake,#18e8e8,#18e8e8,2,0.45
'heavy rain Slovakia',en,Flash Flood,#18e8e8,#18e8e8,2,0.45
'Severe Flooding Hits Eastern Provinces After 360mm of Rain in 24 Hours',en,Flood,#18e8e8,#18e8e8,2,0.45
'hail Latvia',en,Thunderstorm,#18e8e8,#18e8e8,2,0.45
'hail Hungary',en,Thunderstorm,#18e8e8,#18e8e8,2,0.45
'Flooding India',en,Flood,#18e8e8,#18e8e8,3,0.4481364531818181
"'M 6.3 - Auckland Islands, New Zealand region'",en,Earthquake,#18e8e8,#18e8e8,1,0.44625
'Earthquake Luganville Vanuatu',en,Earthquake,#18e8e8,#18e8e8,2,0.4416666666666666
'M 5.3 - Philippine Islands region',en,Earthquake,#18e8e8,#18e8e8,2,0.4416666666666666
"'M 5.3 - 68 km S of Boca Chica, Panama'",en,Earthquake,#18e8e8,#18e8e8,2,0.4416666666666666
"'M 5.3 - 166 km SSW of Kokopo, Papua New Guinea'",en,Earthquake,#18e8e8,#18e8e8,2,0.4416666666666666
"'Tsunami 134 km WSW of Adak, Alaska'",en,Tsunami,#18e8e8,#18e8e8,2,0.4416666666666666
"'M 5.3 - 277 km S of ‘Ohonua, Tonga'",en,Earthquake,#18e8e8,#18e8e8,2,0.4416666666666666
'Earthquake Boca Chica Panama',en,Earthquake,#18e8e8,#18e8e8,2,0.4416666666666666
'Earthquake Adak Alaska',en,Earthquake,#18e8e8,#18e8e8,2,0.4416666666666666
"'M 5.3 - 134 km WSW of Adak, Alaska'",en,Earthquake,#18e8e8,#18e8e8,2,0.4416666666666666
"'M 5.3 - 228 km S of Burica, Panama'",en,Earthquake,#18e8e8,#18e8e8,2,0.4416666666666666
"'M 5.3 - 35 km SE of Jurm, Afghanistan'",en,Earthquake,#18e8e8,#18e8e8,2,0.4416666666666666
'M 5.3 - South Sandwich Islands region',en,Earthquake,#18e8e8,#18e8e8,2,0.4416666666666666
'Earthquake Santa Monica Philippines',en,Earthquake,#18e8e8,#18e8e8,2,0.4416666666666666
'Earthquake Burica Panama',en,Earthquake,#18e8e8,#18e8e8,2,0.4416666666666666
"'M 5.3 - 107 km NE of Hihifo, Tonga'",en,Earthquake,#18e8e8,#18e8e8,2,0.4416666666666666
'Earthquake Vanuatu',en,Earthquake,#18e8e8,#18e8e8,2,0.4416666666666666
'M 5.3 - Kermadec Islands region',en,Earthquake,#18e8e8,#18e8e8,2,0.4416666666666666
'Earthquake Adak Alaska',en,Tsunami,#18e8e8,#18e8e8,2,0.4416666666666666
"'M 5.3 - 40 km ENE of Luganville, Vanuatu'",en,Earthquake,#18e8e8,#18e8e8,2,0.4416666666666666
'M 5.3 - west of Macquarie Island',en,Earthquake,#18e8e8,#18e8e8,2,0.4416666666666666
'M 5.3 - ',en,Earthquake,#18e8e8,#18e8e8,2,0.4416666666666666
'Earthquake Tonga',en,Tsunami,#18e8e8,#18e8e8,1,0.4391669066666667
'Tsunami Tonga',en,Tsunami,#18e8e8,#18e8e8,1,0.4391668166666667
'Earthquake Biratori Japan',en,Earthquake,#18e8e8,#18e8e8,1,0.4391666666666667
"'M 6.2 - 11 km SSE of Hukay, Philippines'",en,Earthquake,#18e8e8,#18e8e8,1,0.4391666666666667
'Flooding Brazil',en,Flood,#18e8e8,#18e8e8,2,0.4390424690909091
'Tropical Cyclone Myanmar',en,Tropical Cyclone,#18e8e8,#18e8e8,1,0.435900444
'Flood Bangladesh',en,Flood,#18e8e8,#18e8e8,2,0.43405597125
"'M 5.2 - 128 km E of La Playa, Mexico'",en,Earthquake,#18e8e8,#18e8e8,2,0.4333333333333333
"'M 5.2 - 2 km N of Aratoca, Colombia'",en,Earthquake,#18e8e8,#18e8e8,2,0.4333333333333333
'M 5.2 - south of Tonga',en,Earthquake,#18e8e8,#18e8e8,2,0.4333333333333333
'Earthquake Santa Cruz Chile',en,Earthquake,#18e8e8,#18e8e8,2,0.4333333333333333
'M 5.2 - Bouvet Island region',en,Earthquake,#18e8e8,#18e8e8,2,0.4333333333333333
"'M 5.2 - Mindanao, Philippines'",en,Earthquake,#18e8e8,#18e8e8,2,0.4333333333333333
"'M 5.2 - Seram, Indonesia'",en,Earthquake,#18e8e8,#18e8e8,2,0.4333333333333333
'M 5.2 - southeast of the Loyalty Islands',en,Earthquake,#18e8e8,#18e8e8,2,0.4333333333333333
"'M 5.2 - 21 km WNW of Port-Olry, Vanuatu'",en,Earthquake,#18e8e8,#18e8e8,2,0.4333333333333333
"'M 5.2 - Kermadec Islands, New Zealand'",en,Earthquake,#18e8e8,#18e8e8,2,0.4333333333333333
'M 5.2 - Kuril Islands',en,Earthquake,#18e8e8,#18e8e8,2,0.4333333333333333
'M 5.2 - ',en,Earthquake,#18e8e8,#18e8e8,2,0.4333333333333333
'Earthquake Kimbe Papua New Guinea',en,Earthquake,#18e8e8,#18e8e8,2,0.4333333333333333
"'M 5.2 - 144 km N of Las Khorey, Somalia'",en,Earthquake,#18e8e8,#18e8e8,2,0.4333333333333333
'Earthquake Tobelo Indonesia',en,Earthquake,#18e8e8,#18e8e8,2,0.4333333333333333
"'M 5.2 - 149 km SSW of Kokopo, Papua New Guinea'",en,Earthquake,#18e8e8,#18e8e8,2,0.4333333333333333
'Earthquake Vao New Caledonia',en,Earthquake,#18e8e8,#18e8e8,2,0.4333333333333333
'Earthquake Kokopo Papua New Guinea',en,Earthquake,#18e8e8,#18e8e8,2,0.4333333333333333
'Earthquake Papua New Guinea',en,Earthquake,#18e8e8,#18e8e8,2,0.4333333333333333
'Earthquake Angoram Papua New Guinea',en,Earthquake,#18e8e8,#18e8e8,2,0.4333333333333333
"'M 5.2 - 294 km WSW of Tual, Indonesia'",en,Earthquake,#18e8e8,#18e8e8,2,0.4333333333333333
'Earthquake Mexico',en,Earthquake,#18e8e8,#18e8e8,2,0.4333333333333333
"'M 5.2 - 94 km SE of Kimbe, Papua New Guinea'",en,Earthquake,#18e8e8,#18e8e8,2,0.4333333333333333
"'M 5.2 - 46 km E of Kandrian, Papua New Guinea'",en,Earthquake,#18e8e8,#18e8e8,2,0.4333333333333333
"'M 5.2 - 49 km WNW of Santa Cruz, Chile'",en,Earthquake,#18e8e8,#18e8e8,2,0.4333333333333333
'M 5.2 - South Sandwich Islands region',en,Earthquake,#18e8e8,#18e8e8,2,0.4333333333333333
'Earthquake Port-Olry Vanuatu',en,Earthquake,#18e8e8,#18e8e8,2,0.4333333333333333
"'M 5.2 - 283 km SSW of ‘Ohonua, Tonga'",en,Earthquake,#18e8e8,#18e8e8,2,0.4333333333333333
'Earthquake Chile',en,Earthquake,#18e8e8,#18e8e8,2,0.4333333333333333
'Earthquake La Playa Mexico',en,Earthquake,#18e8e8,#18e8e8,2,0.4333333333333333
'Earthquake Aratoca Colombia',en,Earthquake,#18e8e8,#18e8e8,2,0.4333333333333333
"'M 5.2 - 50 km NE of Tobelo, Indonesia'",en,Earthquake,#18e8e8,#18e8e8,2,0.4333333333333333
"'M 5.2 - New Britain region, Papua New Guinea'",en,Earthquake,#18e8e8,#18e8e8,2,0.4333333333333333
"'M 5.2 - 280 km E of Vao, New Caledonia'",en,Earthquake,#18e8e8,#18e8e8,2,0.4333333333333333
"'M 5.2 - 104 km ESE of Angoram, Papua New Guinea'",en,Earthquake,#18e8e8,#18e8e8,2,0.4333333333333333
"'M 6.1 - 12 km SSE of Narutō, Japan'",en,Earthquake,#18e8e8,#18e8e8,1,0.4320833333333333
'Earthquake Java Indonesia',en,Earthquake,#18e8e8,#18e8e8,2,0.4296669666666666
'Flooding Nepal',en,Flood,#18e8e8,#18e8e8,1,0.42500045
'Earthquake Colombia',en,Earthquake,#18e8e8,#18e8e8,2,0.425
'Earthquake Merizo Village Guam',en,Earthquake,#18e8e8,#18e8e8,2,0.425
"'M 5.1 - 204 km NW of Tobelo, Indonesia'",en,Earthquake,#18e8e8,#18e8e8,2,0.425
"'M 5.1 - 51 km WSW of Bahía Solano, Colombia'",en,Earthquake,#18e8e8,#18e8e8,2,0.425
'M 5.1 - South Sandwich Islands region',en,Earthquake,#18e8e8,#18e8e8,2,0.425
'M 5.1 - southeast of the Loyalty Islands',en,Earthquake,#18e8e8,#18e8e8,2,0.425
'M 5.1 - Pacific-Antarctic Ridge',en,Earthquake,#18e8e8,#18e8e8,2,0.425
"'M 5.1 - 299 km SSW of ‘Ohonua, Tonga'",en,Earthquake,#18e8e8,#18e8e8,2,0.425
"'M 5.1 - 72 km N of Basco, Philippines'",en,Earthquake,#18e8e8,#18e8e8,2,0.425
"'M 5.1 - 285 km SSW of ‘Ohonua, Tonga'",en,Earthquake,#18e8e8,#18e8e8,2,0.425
"'M 5.1 - 14 km N of Lluta, Peru'",en,Earthquake,#18e8e8,#18e8e8,2,0.425
'M 5.1 - south of the Fiji Islands',en,Earthquake,#18e8e8,#18e8e8,2,0.425
'Earthquake Bahía Solano Colombia',en,Earthquake,#18e8e8,#18e8e8,2,0.425
"'M 5.1 - 253 km SSW of ‘Ohonua, Tonga'",en,Earthquake,#18e8e8,#18e8e8,2,0.425
'Earthquake Guam',en,Earthquake,#18e8e8,#18e8e8,2,0.425
"'M 5.1 - 2 km NE of Okinawa, Japan'",en,Earthquake,#18e8e8,#18e8e8,2,0.425
"'M 5.1 - 93 km S of Merizo Village, Guam'",en,Earthquake,#18e8e8,#18e8e8,2,0.425
"'M 5.1 - 286 km S of ‘Ohonua, Tonga'",en,Earthquake,#18e8e8,#18e8e8,2,0.425
"'M 5.1 - 42 km N of Pucallpa, Peru'",en,Earthquake,#18e8e8,#18e8e8,2,0.425
'Earthquake Pucallpa Peru',en,Earthquake,#18e8e8,#18e8e8,2,0.425
"'M 5.1 - 282 km SSW of ‘Ohonua, Tonga'",en,Earthquake,#18e8e8,#18e8e8,2,0.425
"'M 6.0 - 237 km SSW of ‘Ohonua, Tonga'",en,Earthquake,#18e8e8,#18e8e8,1,0.425
'Earthquake Japan',en,Earthquake,#18e8e8,#18e8e8,2,0.425
'Earthquake Neiafu Tonga',en,Earthquake,#18e8e8,#18e8e8,1,0.425
'M 5.1 - ',en,Earthquake,#18e8e8,#18e8e8,2,0.425
"'Ibu Volcano, Indonesia'",en,Volcano,#18e8e8,#18e8e8,1,0.425
'M 5.1 - Kermadec Islands region',en,Earthquake,#18e8e8,#18e8e8,2,0.425
"'M 5.1 - 42 km W of Kimbe, Papua New Guinea'",en,Earthquake,#18e8e8,#18e8e8,2,0.425
'M 5.6 - ',en,Earthquake,#18e8e8,#18e8e8,3,0.4198022348484848
'Earthquake Myitkyina Myanmar',en,Earthquake,#18e8e8,#18e8e8,1,0.4179166816666667
"'M 5.9 - 99 km ESE of Angoram, Papua New Guinea'",en,Earthquake,#18e8e8,#18e8e8,1,0.4179166666666666
"'M 5.9 - 164 km N of Las Khorey, Somalia'",en,Earthquake,#18e8e8,#18e8e8,1,0.4179166666666666
'M 5.9 - Macquarie Island region',en,Earthquake,#18e8e8,#18e8e8,1,0.4179166666666666
'Earthquake Indonesia',en,Earthquake,#18e8e8,#18e8e8,2,0.417261281060606
"'M 5.0 - 17 km SE of Huambo, Peru'",en,Earthquake,#18e8e8,#18e8e8,2,0.4166666666666667
'Earthquake Lata Solomon Islands',en,Earthquake,#18e8e8,#18e8e8,2,0.4166666666666667
'Earthquake ‘Ohonua Tonga',en,Earthquake,#18e8e8,#18e8e8,2,0.4166666666666667
'Earthquake Ḩājjīābād Iran',en,Earthquake,#18e8e8,#18e8e8,2,0.4166666666666667
'Earthquake Archidona Ecuador',en,Earthquake,#18e8e8,#18e8e8,2,0.4166666666666667
'Earthquake Alaska',en,Tsunami,#18e8e8,#18e8e8,2,0.4166666666666667
"'M 5.0 - 80 km SSW of Port-Vila, Vanuatu'",en,Earthquake,#18e8e8,#18e8e8,2,0.4166666666666667
"'M 5.0 - 36 km NE of Archidona, Ecuador'",en,Earthquake,#18e8e8,#18e8e8,2,0.4166666666666667
'Earthquake Okinawa Japan',en,Earthquake,#18e8e8,#18e8e8,2,0.4166666666666667
"'M 5.0 - 10 km ESE of Shingū, Japan'",en,Earthquake,#18e8e8,#18e8e8,2,0.4166666666666667
"'M 5.0 - 107 km ESE of Kokopo, Papua New Guinea'",en,Earthquake,#18e8e8,#18e8e8,2,0.4166666666666667
"'M 5.0 - 161 km NW of Tuapejat, Indonesia'",en,Earthquake,#18e8e8,#18e8e8,2,0.4166666666666667
"'M 5.0 - 14 km N of Lluta, Peru'",en,Earthquake,#18e8e8,#18e8e8,2,0.4166666666666667
'Earthquake Honchō Japan',en,Earthquake,#18e8e8,#18e8e8,2,0.4166666666666667
"'M 5.0 - Hokkaido, Japan region'",en,Earthquake,#18e8e8,#18e8e8,2,0.4166666666666667
"'M 5.0 - 6 km SSE of Alberton, South Africa'",en,Earthquake,#18e8e8,#18e8e8,2,0.4166666666666667
'M 5.0 - South Sandwich Islands region',en,Earthquake,#18e8e8,#18e8e8,2,0.4166666666666667
'Earthquake Solomon Islands',en,Earthquake,#18e8e8,#18e8e8,2,0.4166666666666667
'Earthquake Gizo Solomon Islands',en,Earthquake,#18e8e8,#18e8e8,2,0.4166666666666667
"'M 5.0 - 223 km SSW of ‘Ohonua, Tonga'",en,Earthquake,#18e8e8,#18e8e8,2,0.4166666666666667
'Earthquake Karluk Alaska',en,Earthquake,#18e8e8,#18e8e8,2,0.4166666666666667
'Earthquake La Tirana Chile',en,Earthquake,#18e8e8,#18e8e8,2,0.4166666666666667
"'M 5.0 - Volcano Islands, Japan region'",en,Earthquake,#18e8e8,#18e8e8,2,0.4166666666666667
'M 5.0 - southern Peru',en,Earthquake,#18e8e8,#18e8e8,2,0.4166666666666667
"'M 5.0 - 71 km SSW of Port-Vila, Vanuatu'",en,Earthquake,#18e8e8,#18e8e8,2,0.4166666666666667
'Earthquake South Africa',en,Earthquake,#18e8e8,#18e8e8,2,0.4166666666666667
"'M 5.0 - 177 km WNW of Tual, Indonesia'",en,Earthquake,#18e8e8,#18e8e8,2,0.4166666666666667
'Earthquake Port-Vila Vanuatu',en,Earthquake,#18e8e8,#18e8e8,2,0.4166666666666667
'M 5.0 - southeast of the Loyalty Islands',en,Earthquake,#18e8e8,#18e8e8,2,0.4166666666666667
'M 5.0 - Tonga region',en,Earthquake,#18e8e8,#18e8e8,2,0.4166666666666667
'M 5.0 - Turkmenistan',en,Earthquake,#18e8e8,#18e8e8,2,0.4166666666666667
'Earthquake Peru',en,Earthquake,#18e8e8,#18e8e8,2,0.4166666666666667
"'M 5.0 - 204 km E of Nabire, Indonesia'",en,Earthquake,#18e8e8,#18e8e8,2,0.4166666666666667
'Earthquake Alaska',en,Earthquake,#18e8e8,#18e8e8,2,0.4166666666666667
"'M 5.0 - 83 km SSW of Honchō, Japan'",en,Earthquake,#18e8e8,#18e8e8,2,0.4166666666666667
"'M 5.0 - 59 km N of Karluk, Alaska'",en,Earthquake,#18e8e8,#18e8e8,2,0.4166666666666667
'Earthquake Karluk Alaska',en,Tsunami,#18e8e8,#18e8e8,2,0.4166666666666667
'Earthquake Nabire Indonesia',en,Earthquake,#18e8e8,#18e8e8,2,0.4166666666666667
'Earthquake Tonga',en,Earthquake,#18e8e8,#18e8e8,2,0.4166666666666667
"'M 5.0 - Norfolk Island, Australia region'",en,Earthquake,#18e8e8,#18e8e8,2,0.4166666666666667
'M 5.0 - ',en,Earthquake,#18e8e8,#18e8e8,2,0.4166666666666667
'Earthquake Bhadarwāh India',en,Earthquake,#18e8e8,#18e8e8,2,0.4166666666666667
'Earthquake Iran',en,Earthquake,#18e8e8,#18e8e8,2,0.4166666666666667
'Earthquake Ecuador',en,Earthquake,#18e8e8,#18e8e8,2,0.4166666666666667
'Earthquake Shingū Japan',en,Earthquake,#18e8e8,#18e8e8,2,0.4166666666666667
"'M 5.0 - 31 km SSE of Ḩājjīābād, Iran'",en,Earthquake,#18e8e8,#18e8e8,2,0.4166666666666667
"'M 5.0 - 134 km ENE of Nabire, Indonesia'",en,Earthquake,#18e8e8,#18e8e8,2,0.4166666666666667
"'M 5.0 - 251 km SSW of ‘Ohonua, Tonga'",en,Earthquake,#18e8e8,#18e8e8,2,0.4166666666666667
'Earthquake India',en,Earthquake,#18e8e8,#18e8e8,2,0.4166666666666667
"'M 5.0 - 93 km WNW of Rabaul, Papua New Guinea'",en,Earthquake,#18e8e8,#18e8e8,2,0.4166666666666667
'Earthquake Huambo Peru',en,Earthquake,#18e8e8,#18e8e8,2,0.4166666666666667
"'M 5.0 - 40 km ENE of Puerto Obaldía, Panama'",en,Earthquake,#18e8e8,#18e8e8,2,0.4166666666666667
"'M 5.0 - 69 km SE of Gizo, Solomon Islands'",en,Earthquake,#18e8e8,#18e8e8,2,0.4166666666666667
"'M 5.0 - 280 km SSW of ‘Ohonua, Tonga'",en,Earthquake,#18e8e8,#18e8e8,2,0.4166666666666667
"'M 5.0 - 80 km ESE of La Tirana, Chile'",en,Earthquake,#18e8e8,#18e8e8,2,0.4166666666666667
'Tsunami Alaska',en,Tsunami,#18e8e8,#18e8e8,2,0.4166666666666667
"'Tsunami 59 km N of Karluk, Alaska'",en,Tsunami,#18e8e8,#18e8e8,2,0.4166666666666667
"'M 5.0 - 21 km NE of Bhadarwāh, India'",en,Earthquake,#18e8e8,#18e8e8,2,0.4166666666666667
"'M 6.2 - 20 km WSW of Biratori, Japan'",en,Earthquake,#18e8e8,#18e8e8,2,0.4133333333333334
'M 5.7 - ',en,Earthquake,#18e8e8,#18e8e8,3,0.4132492495454545
"'M 5.8 - Volcano Islands, Japan region'",en,Earthquake,#18e8e8,#18e8e8,1,0.4108333333333333
'M 5.8 - Balleny Islands region',en,Earthquake,#18e8e8,#18e8e8,1,0.4108333333333333
"'M 7.2 - 274 km SW of Houma, Tonga'",en,Earthquake,#18e8e8,#18e8e8,1,0.408
'Earthquake New Caledonia',en,Earthquake,#18e8e8,#18e8e8,1,0.403750045
"'M 5.7 - Rat Islands, Aleutian Islands, Alaska'",en,Earthquake,#18e8e8,#18e8e8,1,0.40375
'Earthquake Tadine New Caledonia',en,Earthquake,#18e8e8,#18e8e8,1,0.40375
'Earthquake Levuka Fiji',en,Earthquake,#18e8e8,#18e8e8,1,0.40375
"'M 5.7 - 262 km ESE of Tadine, New Caledonia'",en,Earthquake,#18e8e8,#18e8e8,1,0.40375
"'Eartquake 46 km E of Kandrian, Papua New Guinea'",en,Earthquake,#18e8e8,#18e8e8,2,0.4
"'Earthquake 45 km NE of Puerto Obaldía, Panama'",en,Tsunami,#18e8e8,#18e8e8,2,0.4
'Earthquake Kermadec Islands region',en,Earthquake,#18e8e8,#18e8e8,2,0.4
'Earthquake Philippine Islands region',en,Earthquake,#18e8e8,#18e8e8,2,0.4
"'Eartquake 262 km ESE of Tadine, New Caledonia'",en,Earthquake,#18e8e8,#18e8e8,2,0.4
"'Earthquake 99 km ESE of Angoram, Papua New Guinea'",en,Earthquake,#18e8e8,#18e8e8,2,0.4
"'Earthquake 31 km SSE of Ḩājjīābād, Iran'",en,Earthquake,#18e8e8,#18e8e8,2,0.4
'Earthquake',en,Earthquake,#18e8e8,#18e8e8,2,0.4
"'Eartquake 166 km SSW of Kokopo, Papua New Guinea'",en,Earthquake,#18e8e8,#18e8e8,2,0.4
"'Earthquake 2 km N of Aratoca, Colombia'",en,Earthquake,#18e8e8,#18e8e8,2,0.4
"'Earthquake 83 km SSW of Honchō, Japan'",en,Earthquake,#18e8e8,#18e8e8,2,0.4
"'Eartquake Rat Islands, Aleutian Islands, Alaska'",en,Tsunami,#18e8e8,#18e8e8,2,0.4
"'Eartquake 35 km SE of Jurm, Afghanistan'",en,Earthquake,#18e8e8,#18e8e8,2,0.4
"'Eartquake 299 km SSW of ‘Ohonua, Tonga'",en,Earthquake,#18e8e8,#18e8e8,2,0.4
"'Eartquake 237 km SSW of ‘Ohonua, Tonga'",en,Earthquake,#18e8e8,#18e8e8,2,0.4
"'Earthquake 134 km WSW of Adak, Alaska'",en,Tsunami,#18e8e8,#18e8e8,2,0.4
'Eartquake Bismarck Sea',en,Earthquake,#18e8e8,#18e8e8,2,0.4
"'Eartquake 286 km S of ‘Ohonua, Tonga'",en,Earthquake,#18e8e8,#18e8e8,2,0.4
"'Earthquake 107 km NE of Hihifo, Tonga'",en,Earthquake,#18e8e8,#18e8e8,2,0.4
"'Earthquake 6 km SSE of Alberton, South Africa'",en,Earthquake,#18e8e8,#18e8e8,2,0.4
"'Eartquake 21 km NE of Bhadarwāh, India'",en,Earthquake,#18e8e8,#18e8e8,2,0.4
"'Earthquake New Britain region, Papua New Guinea'",en,Earthquake,#18e8e8,#18e8e8,2,0.4
"'Earthquake 40 km ENE of Puerto Obaldía, Panama'",en,Earthquake,#18e8e8,#18e8e8,2,0.4
"'Earthquake 35 km SE of Jurm, Afghanistan'",en,Earthquake,#18e8e8,#18e8e8,2,0.4
"'Earthquake 251 km SSW of ‘Ohonua, Tonga'",en,Earthquake,#18e8e8,#18e8e8,2,0.4
"'Earthquake Norfolk Island, Australia region'",en,Earthquake,#18e8e8,#18e8e8,2,0.4
"'Eartquake 282 km SSW of ‘Ohonua, Tonga'",en,Earthquake,#18e8e8,#18e8e8,2,0.4
'Eartquake west of Macquarie Island',en,Earthquake,#18e8e8,#18e8e8,2,0.4
'Severe Local Storm',en,Storm,#18e8e8,#18e8e8,2,0.4
'Eartquake Fiji region',en,Earthquake,#18e8e8,#18e8e8,2,0.4
'Earthquake Turkmenistan',en,Earthquake,#18e8e8,#18e8e8,2,0.4
"'Earthquake 166 km SSW of Kokopo, Papua New Guinea'",en,Earthquake,#18e8e8,#18e8e8,2,0.4
"'Eartquake 228 km S of Burica, Panama'",en,Earthquake,#18e8e8,#18e8e8,2,0.4
"'Eartquake 128 km W of Neiafu, Tonga'",en,Earthquake,#18e8e8,#18e8e8,2,0.4
'Flood',en,Flood,#18e8e8,#18e8e8,2,0.4
'Earthquake west of Macquarie Island',en,Earthquake,#18e8e8,#18e8e8,2,0.4
"'Earthquake 128 km E of La Playa, Mexico'",en,Earthquake,#18e8e8,#18e8e8,2,0.4
"'Eartquake 128 km E of La Playa, Mexico'",en,Earthquake,#18e8e8,#18e8e8,2,0.4
"'Eartquake 134 km WSW of Adak, Alaska'",en,Tsunami,#18e8e8,#18e8e8,2,0.4
"'Eartquake 68 km S of Boca Chica, Panama'",en,Earthquake,#18e8e8,#18e8e8,2,0.4
"'Earthquake 121 km WSW of Myitkyina, Myanmar'",en,Earthquake,#18e8e8,#18e8e8,2,0.4
"'Eartquake 290 km E of Vao, New Caledonia'",en,Earthquake,#18e8e8,#18e8e8,2,0.4
"'Earthquake 255 km SSW of ‘Ohonua, Tonga'",en,Earthquake,#18e8e8,#18e8e8,2,0.4
"'Eartquake 280 km E of Vao, New Caledonia'",en,Earthquake,#18e8e8,#18e8e8,2,0.4
"'Earthquake 68 km S of Boca Chica, Panama'",en,Earthquake,#18e8e8,#18e8e8,2,0.4
"'Earthquake 285 km SSW of ‘Ohonua, Tonga'",en,Earthquake,#18e8e8,#18e8e8,2,0.4
"'Eartquake 13 km SE of Narutō, Japan'",en,Earthquake,#18e8e8,#18e8e8,2,0.4
"'Eartquake 71 km SSW of Port-Vila, Vanuatu'",en,Earthquake,#18e8e8,#18e8e8,2,0.4
'Land Slide',en,Land Slide,#18e8e8,#18e8e8,2,0.4
'Tropical Cyclone',en,Tropical Cyclone,#18e8e8,#18e8e8,2,0.4
"'Eartquake 51 km WSW of Bahía Solano, Colombia'",en,Earthquake,#18e8e8,#18e8e8,2,0.4
"'Eartquake 21 km WNW of Port-Olry, Vanuatu'",en,Earthquake,#18e8e8,#18e8e8,2,0.4
"'Eartquake Volcano Islands, Japan region'",en,Earthquake,#18e8e8,#18e8e8,2,0.4
"'Eartquake Kermadec Islands, New Zealand'",en,Earthquake,#18e8e8,#18e8e8,2,0.4
'Earthquake Balleny Islands region',en,Earthquake,#18e8e8,#18e8e8,2,0.4
"'Eartquake 93 km S of Merizo Village, Guam'",en,Earthquake,#18e8e8,#18e8e8,2,0.4
'Earthquake southern Peru',en,Earthquake,#18e8e8,#18e8e8,2,0.4
"'Eartquake 42 km N of Pucallpa, Peru'",en,Earthquake,#18e8e8,#18e8e8,2,0.4
'Flash Flood',en,Flash Flood,#18e8e8,#18e8e8,2,0.4
"'Eartquake 107 km NE of Hihifo, Tonga'",en,Earthquake,#18e8e8,#18e8e8,2,0.4
"'Eartquake 42 km W of Kimbe, Papua New Guinea'",en,Earthquake,#18e8e8,#18e8e8,2,0.4
'Eartquake southwest of Africa',en,Earthquake,#18e8e8,#18e8e8,2,0.4
"'Earthquake 42 km W of Kimbe, Papua New Guinea'",en,Earthquake,#18e8e8,#18e8e8,2,0.4
"'Earthquake 262 km ESE of Tadine, New Caledonia'",en,Earthquake,#18e8e8,#18e8e8,2,0.4
'Eartquake Macquarie Island region',en,Earthquake,#18e8e8,#18e8e8,2,0.4
"'Eartquake 177 km WNW of Tual, Indonesia'",en,Earthquake,#18e8e8,#18e8e8,2,0.4
"'Eartquake 93 km WNW of Rabaul, Papua New Guinea'",en,Earthquake,#18e8e8,#18e8e8,2,0.4
"'Earthquake 283 km SSW of ‘Ohonua, Tonga'",en,Earthquake,#18e8e8,#18e8e8,2,0.4
'Eartquake Philippine Islands region',en,Earthquake,#18e8e8,#18e8e8,2,0.4
"'Eartquake 107 km ESE of Kokopo, Papua New Guinea'",en,Earthquake,#18e8e8,#18e8e8,2,0.4
"'Eartquake 280 km SSW of ‘Ohonua, Tonga'",en,Earthquake,#18e8e8,#18e8e8,2,0.4
"'Earthquake 243 km SSW of ‘Ohonua, Tonga'",en,Earthquake,#18e8e8,#18e8e8,2,0.4
"'Eartquake 149 km SSW of Kokopo, Papua New Guinea'",en,Earthquake,#18e8e8,#18e8e8,2,0.4
'Eartquake southern Mid-Atlantic Ridge',en,Earthquake,#18e8e8,#18e8e8,2,0.4
"'Eartquake 36 km NE of Archidona, Ecuador'",en,Earthquake,#18e8e8,#18e8e8,2,0.4
"'Eartquake off the east coast of the Kamchatka Peninsula, Russia'",en,Earthquake,#18e8e8,#18e8e8,2,0.4
"'Eartquake Mindanao, Philippines'",en,Earthquake,#18e8e8,#18e8e8,2,0.4
"'Eartquake 11 km SSE of Hukay, Philippines'",en,Earthquake,#18e8e8,#18e8e8,2,0.4
"'Earthquake 21 km NE of Bhadarwāh, India'",en,Earthquake,#18e8e8,#18e8e8,2,0.4
"'Earthquake 107 km ESE of Kokopo, Papua New Guinea'",en,Earthquake,#18e8e8,#18e8e8,2,0.4
"'Earthquake Seram, Indonesia'",en,Earthquake,#18e8e8,#18e8e8,2,0.4
"'Eartquake 45 km NE of Puerto Obaldía, Panama'",en,Tsunami,#18e8e8,#18e8e8,2,0.4
"'Eartquake 154 km N of Las Khorey, Somalia'",en,Earthquake,#18e8e8,#18e8e8,2,0.4
"'Earthquake 40 km ENE of Luganville, Vanuatu'",en,Earthquake,#18e8e8,#18e8e8,2,0.4
"'Eartquake 59 km N of Karluk, Alaska'",en,Tsunami,#18e8e8,#18e8e8,2,0.4
'Eartquake Banda Sea',en,Earthquake,#18e8e8,#18e8e8,2,0.4
"'Earthquake 286 km S of ‘Ohonua, Tonga'",en,Earthquake,#18e8e8,#18e8e8,2,0.4
"'Eartquake 99 km ESE of Angoram, Papua New Guinea'",en,Earthquake,#18e8e8,#18e8e8,2,0.4
"'Eartquake 83 km SSW of Honchō, Japan'",en,Earthquake,#18e8e8,#18e8e8,2,0.4
"'Eartquake Auckland Islands, New Zealand region'",en,Earthquake,#18e8e8,#18e8e8,2,0.4
"'Earthquake 123 km SSE of Lata, Solomon Islands'",en,Earthquake,#18e8e8,#18e8e8,2,0.4
"'Earthquake 65 km N of Namuac, Philippines'",en,Earthquake,#18e8e8,#18e8e8,2,0.4
'Eartquake West Chile Rise',en,Earthquake,#18e8e8,#18e8e8,2,0.4
"'Eartquake 266 km SSW of ‘Ohonua, Tonga'",en,Earthquake,#18e8e8,#18e8e8,2,0.4
'Drought',en,Drought,#18e8e8,#18e8e8,2,0.4
"'Eartquake 283 km SSW of ‘Ohonua, Tonga'",en,Earthquake,#18e8e8,#18e8e8,2,0.4
'Earthquake Bouvet Island region',en,Earthquake,#18e8e8,#18e8e8,2,0.4
"'Eartquake 214 km ENE of Levuka, Fiji'",en,Earthquake,#18e8e8,#18e8e8,2,0.4
'Eartquake Kuril Islands',en,Earthquake,#18e8e8,#18e8e8,2,0.4
'Earthquake south of the Fiji Islands',en,Earthquake,#18e8e8,#18e8e8,2,0.4
"'Eartquake south of Java, Indonesia'",en,Earthquake,#18e8e8,#18e8e8,2,0.4
"'Eartquake Norfolk Island, Australia region'",en,Earthquake,#18e8e8,#18e8e8,2,0.4
"'Earthquake south of Java, Indonesia'",en,Earthquake,#18e8e8,#18e8e8,2,0.4
"'Eartquake 139 km NNE of Hihifo, Tonga'",en,Earthquake,#18e8e8,#18e8e8,2,0.4
"'Eartquake 40 km ENE of Luganville, Vanuatu'",en,Earthquake,#18e8e8,#18e8e8,2,0.4
'Eartquake Kermadec Islands region',en,Earthquake,#18e8e8,#18e8e8,2,0.4
'Earthquake south of Tonga',en,Earthquake,#18e8e8,#18e8e8,2,0.4
"'Earthquake 93 km S of Merizo Village, Guam'",en,Earthquake,#18e8e8,#18e8e8,2,0.4
"'Earthquake 80 km SSW of Port-Vila, Vanuatu'",en,Earthquake,#18e8e8,#18e8e8,2,0.4
"'Eartquake 10 km ESE of Shingū, Japan'",en,Earthquake,#18e8e8,#18e8e8,2,0.4
"'Eartquake 285 km SSW of ‘Ohonua, Tonga'",en,Earthquake,#18e8e8,#18e8e8,2,0.4
'Earthquake Banda Sea',en,Earthquake,#18e8e8,#18e8e8,2,0.4
"'Eartquake 245 km N of Puerto Ayora, Ecuador'",en,Earthquake,#18e8e8,#18e8e8,2,0.4
"'Eartquake Hokkaido, Japan region'",en,Earthquake,#18e8e8,#18e8e8,2,0.4
"'Earthquake 71 km SSW of Port-Vila, Vanuatu'",en,Earthquake,#18e8e8,#18e8e8,2,0.4
"'Earthquake Kermadec Islands, New Zealand'",en,Earthquake,#18e8e8,#18e8e8,2,0.4
'Eartquake Tonga region',en,Earthquake,#18e8e8,#18e8e8,2,0.4
'Earthquake south of Africa',en,Earthquake,#18e8e8,#18e8e8,2,0.4
"'Eartquake 94 km SE of Kimbe, Papua New Guinea'",en,Earthquake,#18e8e8,#18e8e8,2,0.4
"'Earthquake 49 km WNW of Santa Cruz, Chile'",en,Earthquake,#18e8e8,#18e8e8,2,0.4
"'Earthquake 154 km N of Las Khorey, Somalia'",en,Earthquake,#18e8e8,#18e8e8,2,0.4
'Earthquake Fiji region',en,Earthquake,#18e8e8,#18e8e8,2,0.4
"'Eartquake 161 km NW of Tuapejat, Indonesia'",en,Earthquake,#18e8e8,#18e8e8,2,0.4
"'Eartquake 251 km SSW of ‘Ohonua, Tonga'",en,Earthquake,#18e8e8,#18e8e8,2,0.4
"'Earthquake 46 km E of Kandrian, Papua New Guinea'",en,Earthquake,#18e8e8,#18e8e8,2,0.4
"'Eartquake 277 km S of ‘Ohonua, Tonga'",en,Earthquake,#18e8e8,#18e8e8,2,0.4
"'Earthquake 59 km N of Karluk, Alaska'",en,Earthquake,#18e8e8,#18e8e8,2,0.4
"'Earthquake 36 km NE of Archidona, Ecuador'",en,Earthquake,#18e8e8,#18e8e8,2,0.4
"'Eartquake 121 km WSW of Myitkyina, Myanmar'",en,Earthquake,#18e8e8,#18e8e8,2,0.4
"'Earthquake 128 km W of Neiafu, Tonga'",en,Earthquake,#18e8e8,#18e8e8,2,0.4
"'Eartquake 6 km SSE of Alberton, South Africa'",en,Earthquake,#18e8e8,#18e8e8,2,0.4
"'Earthquake 9 km SSE of Maca, Peru'",en,Earthquake,#18e8e8,#18e8e8,2,0.4
"'Eartquake 294 km WSW of Tual, Indonesia'",en,Earthquake,#18e8e8,#18e8e8,2,0.4
"'Eartquake 134 km ENE of Nabire, Indonesia'",en,Earthquake,#18e8e8,#18e8e8,2,0.4
"'Eartquake 105 km ESE of La Rivera, Mexico'",en,Tsunami,#18e8e8,#18e8e8,2,0.4
'Eartquake Bouvet Island region',en,Earthquake,#18e8e8,#18e8e8,2,0.4
"'Earthquake Rat Islands, Aleutian Islands, Alaska'",en,Earthquake,#18e8e8,#18e8e8,2,0.4
'Eartquake south of the Fiji Islands',en,Earthquake,#18e8e8,#18e8e8,2,0.4
"'Earthquake Hokkaido, Japan region'",en,Earthquake,#18e8e8,#18e8e8,2,0.4
'Earthquake southern Mid-Atlantic Ridge',en,Earthquake,#18e8e8,#18e8e8,2,0.4
'Eartquake Balleny Islands region',en,Earthquake,#18e8e8,#18e8e8,2,0.4
"'Earthquake Rat Islands, Aleutian Islands, Alaska'",en,Tsunami,#18e8e8,#18e8e8,2,0.4
"'Earthquake 82 km WNW of Kirakira, Solomon Islands'",en,Earthquake,#18e8e8,#18e8e8,2,0.4
"'Earthquake 243 km SSW of ‘Ohonua, Tonga'",en,Tsunami,#18e8e8,#18e8e8,2,0.4
"'Earthquake 237 km SSW of ‘Ohonua, Tonga'",en,Earthquake,#18e8e8,#18e8e8,2,0.4
"'Earthquake Near the coast of Tarapaca, Chile'",en,Earthquake,#18e8e8,#18e8e8,2,0.4
"'Earthquake 294 km WSW of Tual, Indonesia'",en,Earthquake,#18e8e8,#18e8e8,2,0.4
"'Earthquake 105 km ESE of La Rivera, Mexico'",en,Earthquake,#18e8e8,#18e8e8,2,0.4
"'Eartquake 223 km SSW of ‘Ohonua, Tonga'",en,Earthquake,#18e8e8,#18e8e8,2,0.4
"'Earthquake 17 km SE of Huambo, Peru'",en,Earthquake,#18e8e8,#18e8e8,2,0.4
"'Earthquake 14 km N of Lluta, Peru'",en,Earthquake,#18e8e8,#18e8e8,2,0.4
"'Earthquake 72 km N of Basco, Philippines'",en,Earthquake,#18e8e8,#18e8e8,2,0.4
"'Earthquake 290 km E of Vao, New Caledonia'",en,Earthquake,#18e8e8,#18e8e8,2,0.4
"'Earthquake 69 km SE of Gizo, Solomon Islands'",en,Earthquake,#18e8e8,#18e8e8,2,0.4
'Eartquake southern Peru',en,Earthquake,#18e8e8,#18e8e8,2,0.4
'Eartquake southeast of the Loyalty Islands',en,Earthquake,#18e8e8,#18e8e8,2,0.4
"'Eartquake 2 km N of Aratoca, Colombia'",en,Earthquake,#18e8e8,#18e8e8,2,0.4
"'Earthquake Auckland Islands, New Zealand region'",en,Earthquake,#18e8e8,#18e8e8,2,0.4
"'Eartquake 14 km N of Lluta, Peru'",en,Earthquake,#18e8e8,#18e8e8,2,0.4
"'Earthquake 93 km WNW of Rabaul, Papua New Guinea'",en,Earthquake,#18e8e8,#18e8e8,2,0.4
"'Eartquake 9 km SSE of Maca, Peru'",en,Earthquake,#18e8e8,#18e8e8,2,0.4
"'Earthquake 164 km N of Las Khorey, Somalia'",en,Earthquake,#18e8e8,#18e8e8,2,0.4
"'Earthquake 280 km SW of Houma, Tonga'",en,Earthquake,#18e8e8,#18e8e8,2,0.4
"'Eartquake 72 km N of Basco, Philippines'",en,Earthquake,#18e8e8,#18e8e8,2,0.4
"'Earthquake 12 km SSE of Narutō, Japan'",en,Earthquake,#18e8e8,#18e8e8,2,0.4
"'Earthquake 245 km N of Puerto Ayora, Ecuador'",en,Earthquake,#18e8e8,#18e8e8,2,0.4
"'Eartquake Near the coast of Tarapaca, Chile'",en,Earthquake,#18e8e8,#18e8e8,2,0.4
"'Earthquake 253 km SSW of ‘Ohonua, Tonga'",en,Earthquake,#18e8e8,#18e8e8,2,0.4
'Volcano',en,Volcano,#18e8e8,#18e8e8,2,0.4
'Earthquake South Sandwich Islands region',en,Earthquake,#18e8e8,#18e8e8,2,0.4
'Earthquake Bismarck Sea',en,Earthquake,#18e8e8,#18e8e8,2,0.4
"'Earthquake Mindanao, Philippines'",en,Earthquake,#18e8e8,#18e8e8,2,0.4
"'Earthquake 280 km SW of Houma, Tonga'",en,Tsunami,#18e8e8,#18e8e8,2,0.4
"'Eartquake 65 km N of Namuac, Philippines'",en,Earthquake,#18e8e8,#18e8e8,2,0.4
"'Eartquake 80 km ESE of La Tirana, Chile'",en,Earthquake,#18e8e8,#18e8e8,2,0.4
"'Earthquake 11 km SSE of Hukay, Philippines'",en,Earthquake,#18e8e8,#18e8e8,2,0.4
"'Earthquake 149 km SSW of Kokopo, Papua New Guinea'",en,Earthquake,#18e8e8,#18e8e8,2,0.4
"'Eartquake 50 km NE of Tobelo, Indonesia'",en,Earthquake,#18e8e8,#18e8e8,2,0.4
"'Earthquake 2 km NE of Okinawa, Japan'",en,Earthquake,#18e8e8,#18e8e8,2,0.4
"'Earthquake 228 km S of Burica, Panama'",en,Earthquake,#18e8e8,#18e8e8,2,0.4
'Earthquake Pacific-Antarctic Ridge',en,Earthquake,#18e8e8,#18e8e8,2,0.4
"'Earthquake 280 km E of Vao, New Caledonia'",en,Earthquake,#18e8e8,#18e8e8,2,0.4
"'Earthquake 299 km SSW of ‘Ohonua, Tonga'",en,Earthquake,#18e8e8,#18e8e8,2,0.4
"'Earthquake 204 km E of Nabire, Indonesia'",en,Earthquake,#18e8e8,#18e8e8,2,0.4
"'Eartquake 255 km SSW of ‘Ohonua, Tonga'",en,Earthquake,#18e8e8,#18e8e8,2,0.4
"'Eartquake 159 km NW of Tuapejat, Indonesia'",en,Earthquake,#18e8e8,#18e8e8,2,0.4
"'Eartquake 204 km NW of Tobelo, Indonesia'",en,Earthquake,#18e8e8,#18e8e8,2,0.4
"'Eartquake 144 km N of Las Khorey, Somalia'",en,Earthquake,#18e8e8,#18e8e8,2,0.4
"'Earthquake 51 km WSW of Bahía Solano, Colombia'",en,Earthquake,#18e8e8,#18e8e8,2,0.4
"'Earthquake 59 km N of Karluk, Alaska'",en,Tsunami,#18e8e8,#18e8e8,2,0.4
"'Earthquake 280 km SSW of ‘Ohonua, Tonga'",en,Earthquake,#18e8e8,#18e8e8,2,0.4
"'Eartquake 164 km N of Las Khorey, Somalia'",en,Earthquake,#18e8e8,#18e8e8,2,0.4
"'Earthquake 104 km ESE of Angoram, Papua New Guinea'",en,Earthquake,#18e8e8,#18e8e8,2,0.4
"'Eartquake 69 km SE of Gizo, Solomon Islands'",en,Earthquake,#18e8e8,#18e8e8,2,0.4
"'Eartquake 104 km ESE of Angoram, Papua New Guinea'",en,Earthquake,#18e8e8,#18e8e8,2,0.4
"'Eartquake 243 km SSW of ‘Ohonua, Tonga'",en,Tsunami,#18e8e8,#18e8e8,2,0.4
"'Earthquake Volcano Islands, Japan region'",en,Earthquake,#18e8e8,#18e8e8,2,0.4
"'Earthquake 204 km NW of Tobelo, Indonesia'",en,Earthquake,#18e8e8,#18e8e8,2,0.4
"'Eartquake 40 km ENE of Puerto Obaldía, Panama'",en,Earthquake,#18e8e8,#18e8e8,2,0.4
'Snow Avalanche',en,Snow Avalanche,#18e8e8,#18e8e8,2,0.4
"'Earthquake 144 km N of Las Khorey, Somalia'",en,Earthquake,#18e8e8,#18e8e8,2,0.4
"'Eartquake 253 km SSW of ‘Ohonua, Tonga'",en,Earthquake,#18e8e8,#18e8e8,2,0.4
"'Earthquake 223 km SSW of ‘Ohonua, Tonga'",en,Earthquake,#18e8e8,#18e8e8,2,0.4
"'Earthquake 105 km ESE of La Rivera, Mexico'",en,Tsunami,#18e8e8,#18e8e8,2,0.4
'Earthquake Kuril Islands',en,Earthquake,#18e8e8,#18e8e8,2,0.4
'Earthquake southwest of Africa',en,Earthquake,#18e8e8,#18e8e8,2,0.4
"'Eartquake 49 km WNW of Santa Cruz, Chile'",en,Earthquake,#18e8e8,#18e8e8,2,0.4
"'Eartquake 204 km E of Nabire, Indonesia'",en,Earthquake,#18e8e8,#18e8e8,2,0.4
'Eartquake South Sandwich Islands region',en,Earthquake,#18e8e8,#18e8e8,2,0.4
'Earthquake Tonga region',en,Earthquake,#18e8e8,#18e8e8,2,0.4
"'Earthquake 134 km WSW of Adak, Alaska'",en,Earthquake,#18e8e8,#18e8e8,2,0.4
"'Earthquake 80 km ESE of La Tirana, Chile'",en,Earthquake,#18e8e8,#18e8e8,2,0.4
"'Earthquake 42 km N of Pucallpa, Peru'",en,Earthquake,#18e8e8,#18e8e8,2,0.4
"'Earthquake 94 km SE of Kimbe, Papua New Guinea'",en,Earthquake,#18e8e8,#18e8e8,2,0.4
"'Earthquake 45 km NE of Puerto Obaldía, Panama'",en,Earthquake,#18e8e8,#18e8e8,2,0.4
"'Earthquake off the east coast of the Kamchatka Peninsula, Russia'",en,Earthquake,#18e8e8,#18e8e8,2,0.4
"'Earthquake 214 km ENE of Levuka, Fiji'",en,Earthquake,#18e8e8,#18e8e8,2,0.4
"'Earthquake 134 km ENE of Nabire, Indonesia'",en,Earthquake,#18e8e8,#18e8e8,2,0.4
'Earthquake southeast of the Loyalty Islands',en,Earthquake,#18e8e8,#18e8e8,2,0.4
"'Earthquake 282 km SSW of ‘Ohonua, Tonga'",en,Earthquake,#18e8e8,#18e8e8,2,0.4
"'Earthquake 277 km S of ‘Ohonua, Tonga'",en,Earthquake,#18e8e8,#18e8e8,2,0.4
'Eartquake Turkmenistan',en,Earthquake,#18e8e8,#18e8e8,2,0.4
"'Eartquake Seram, Indonesia'",en,Earthquake,#18e8e8,#18e8e8,2,0.4
'Earthquake Macquarie Island region',en,Earthquake,#18e8e8,#18e8e8,2,0.4
"'Eartquake New Britain region, Papua New Guinea'",en,Earthquake,#18e8e8,#18e8e8,2,0.4
"'Earthquake 159 km NW of Tuapejat, Indonesia'",en,Earthquake,#18e8e8,#18e8e8,2,0.4
"'Earthquake 10 km ESE of Shingū, Japan'",en,Earthquake,#18e8e8,#18e8e8,2,0.4
"'Eartquake 280 km SW of Houma, Tonga'",en,Tsunami,#18e8e8,#18e8e8,2,0.4
"'Earthquake 266 km SSW of ‘Ohonua, Tonga'",en,Earthquake,#18e8e8,#18e8e8,2,0.4
'Eartquake south of Africa',en,Earthquake,#18e8e8,#18e8e8,2,0.4
"'Eartquake 123 km SSE of Lata, Solomon Islands'",en,Earthquake,#18e8e8,#18e8e8,2,0.4
"'Earthquake 177 km WNW of Tual, Indonesia'",en,Earthquake,#18e8e8,#18e8e8,2,0.4
"'Earthquake 50 km NE of Tobelo, Indonesia'",en,Earthquake,#18e8e8,#18e8e8,2,0.4
"'Earthquake 161 km NW of Tuapejat, Indonesia'",en,Earthquake,#18e8e8,#18e8e8,2,0.4
"'Earthquake 21 km WNW of Port-Olry, Vanuatu'",en,Earthquake,#18e8e8,#18e8e8,2,0.4
'Eartquake Pacific-Antarctic Ridge',en,Earthquake,#18e8e8,#18e8e8,2,0.4
'Earthquake West Chile Rise',en,Earthquake,#18e8e8,#18e8e8,2,0.4
"'Earthquake 139 km NNE of Hihifo, Tonga'",en,Earthquake,#18e8e8,#18e8e8,2,0.4
"'M 5.6 - south of Java, Indonesia'",en,Earthquake,#18e8e8,#18e8e8,1,0.3966666666666666
'Earthquake Hihifo Tonga',en,Earthquake,#18e8e8,#18e8e8,1,0.3966666666666666
'M 5.6 - Pacific-Antarctic Ridge',en,Earthquake,#18e8e8,#18e8e8,1,0.3966666666666666
'Earthquake Somalia',en,Earthquake,#18e8e8,#18e8e8,2,0.3907834533333333
'Earthquake Tarapaca Chile',en,Earthquake,#18e8e8,#18e8e8,1,0.3895833333333333
'Earthquake Namuac Philippines',en,Earthquake,#18e8e8,#18e8e8,1,0.3895833333333333
"'M 5.5 - 159 km NW of Tuapejat, Indonesia'",en,Earthquake,#18e8e8,#18e8e8,1,0.3895833333333333
'M 5.5 - South Sandwich Islands region',en,Earthquake,#18e8e8,#18e8e8,1,0.3895833333333333
'Earthquake Las Khorey Somalia',en,Earthquake,#18e8e8,#18e8e8,1,0.3895833333333333
"'M 5.5 - off the east coast of the Kamchatka Peninsula, Russia'",en,Earthquake,#18e8e8,#18e8e8,1,0.3895833333333333
'heavy rain Romania',en,Flash Flood,#18e8e8,#18e8e8,2,0.38310006
'M 5.4 - southern Peru',en,Earthquake,#18e8e8,#18e8e8,2,0.382650015
"'Over 100,000 Hit by Floods in 20 Districts of Assam'",en,Flood,#18e8e8,#18e8e8,1,0.3825
"'M 5.6 - 116 km NE of Hihifo, Tonga'",en,Earthquake,#18e8e8,#18e8e8,2,0.3733333333333333
'M 5.6 - northern Mid-Atlantic Ridge',en,Earthquake,#18e8e8,#18e8e8,2,0.3733333333333333
"'M 5.6 - 94 km NE of Hamatonbetsu, Japan'",en,Earthquake,#18e8e8,#18e8e8,2,0.3733333333333333
"'M 5.6 - 143 km SE of Alo, Wallis and Futuna'",en,Earthquake,#18e8e8,#18e8e8,2,0.3733333333333333
"'Earthquake 274 km SW of Houma, Tonga'",en,Earthquake,#18e8e8,#18e8e8,2,0.36
'whirlwind',en,Storm,#18e8e8,#18e8e8,2,0.35
'Iceberg D20A',en,Iceberg,#18e8e8,#18e8e8,2,0.35
'Iceberg A70',en,Iceberg,#18e8e8,#18e8e8,2,0.35
'Iceberg D28',en,Iceberg,#18e8e8,#18e8e8,2,0.35
'Iceberg D31',en,Iceberg,#18e8e8,#18e8e8,2,0.35
'Iceberg D30B',en,Iceberg,#18e8e8,#18e8e8,2,0.35
'soil moisture',en,Drought,#18e8e8,#18e8e8,2,0.35
'Iceberg C38B',en,Iceberg,#18e8e8,#18e8e8,2,0.35
'blowing snow',en,Storm,#18e8e8,#18e8e8,2,0.35
'Iceberg D29C',en,Iceberg,#18e8e8,#18e8e8,2,0.35
'Iceberg D27',en,Iceberg,#18e8e8,#18e8e8,2,0.35
'Iceberg A76H',en,Iceberg,#18e8e8,#18e8e8,2,0.35
'Iceberg D29B',en,Iceberg,#18e8e8,#18e8e8,2,0.35
'Iceberg A76J',en,Iceberg,#18e8e8,#18e8e8,2,0.35
'evapotranspiration',en,Drought,#18e8e8,#18e8e8,2,0.35
'avalanche',en,Snow Avalanche,#18e8e8,#18e8e8,2,0.35
'hail',en,Thunderstorm,#18e8e8,#18e8e8,2,0.35
'Iceberg A78',en,Iceberg,#18e8e8,#18e8e8,2,0.35
'Iceberg B46',en,Iceberg,#18e8e8,#18e8e8,2,0.35
'Iceberg A76M',en,Iceberg,#18e8e8,#18e8e8,2,0.35
'storm surge',en,Storm Surge,#18e8e8,#18e8e8,2,0.35
'Iceberg A80A',en,Iceberg,#18e8e8,#18e8e8,2,0.35
'Iceberg D30A',en,Iceberg,#18e8e8,#18e8e8,2,0.35
'Iceberg B39',en,Iceberg,#18e8e8,#18e8e8,2,0.35
'Iceberg A80D',en,Iceberg,#18e8e8,#18e8e8,2,0.35
'Iceberg C18B',en,Iceberg,#18e8e8,#18e8e8,2,0.35
'Iceberg A76F',en,Iceberg,#18e8e8,#18e8e8,2,0.35
'Iceberg A76A',en,Iceberg,#18e8e8,#18e8e8,2,0.35
'Iceberg A76L',en,Iceberg,#18e8e8,#18e8e8,2,0.35
'Iceberg A74B',en,Iceberg,#18e8e8,#18e8e8,2,0.35
'Iceberg A76G',en,Iceberg,#18e8e8,#18e8e8,2,0.35
'Iceberg A76B',en,Iceberg,#18e8e8,#18e8e8,2,0.35
'Iceberg A23A',en,Iceberg,#18e8e8,#18e8e8,2,0.35
'Iceberg A74A',en,Iceberg,#18e8e8,#18e8e8,2,0.35
'night frost',en,Cold Wave,#18e8e8,#18e8e8,2,0.35
'Iceberg A77',en,Iceberg,#18e8e8,#18e8e8,2,0.35
'Iceberg B15AB',en,Iceberg,#18e8e8,#18e8e8,2,0.35
'Iceberg A81',en,Iceberg,#18e8e8,#18e8e8,2,0.35
'M 5.2 - Banda Sea',en,Earthquake,#18e8e8,#18e8e8,2,0.3466666666666667
'M 5.2 - northern Mid-Atlantic Ridge',en,Earthquake,#18e8e8,#18e8e8,2,0.3466666666666667
"'M 5.2 - 1 km W of Aratoca, Colombia'",en,Earthquake,#18e8e8,#18e8e8,2,0.3466666666666667
'M 5.1 - northern Mid-Atlantic Ridge',en,Earthquake,#18e8e8,#18e8e8,2,0.34
'M 5.0 - northern Mid-Atlantic Ridge',en,Earthquake,#18e8e8,#18e8e8,2,0.3333333333333333
'M 5.0 - Kermadec Islands region',en,Earthquake,#18e8e8,#18e8e8,2,0.3333333333333333
"'Earthquake 20 km WSW of Biratori, Japan'",en,Earthquake,#18e8e8,#18e8e8,2,0.31
'eartquake',en,Tsunami,#18e8e8,#18e8e8,2,0.3
'eartquake',en,Earthquake,#18e8e8,#18e8e8,2,0.3
'earthquake',en,Earthquake,#18e8e8,#18e8e8,2,0.3
"'Earthquake 143 km SE of Alo, Wallis and Futuna'",en,Earthquake,#18e8e8,#18e8e8,2,0.2799999999999999
"'Earthquake 116 km NE of Hihifo, Tonga'",en,Earthquake,#18e8e8,#18e8e8,2,0.2799999999999999
"'Earthquake 94 km NE of Hamatonbetsu, Japan'",en,Earthquake,#18e8e8,#18e8e8,2,0.2799999999999999
'Earthquake Afghanistan-Tajikistan-Pakistan region',en,Earthquake,#18e8e8,#18e8e8,2,0.2649999999999999
"'Earthquake 1 km W of Aratoca, Colombia'",en,Earthquake,#18e8e8,#18e8e8,2,0.26
'Earthquake northern Mid-Atlantic Ridge',en,Earthquake,#18e8e8,#18e8e8,2,0.25
"'Earthquake Izu Islands, Japan region'",en,Earthquake,#18e8e8,#18e8e8,2,0.25
